Date,Patients,Emergency Cases,Available Beds,Occupied Beds,Total Nurses Required,Total Doctors Required,Nurses Available,Doctors Available,Medicine Usage,Weather,Festival,Day Type,Season,Hospital Pressure Score,Pressure Level
2024-01-01,228,24,563,80,16,6,10,5,547,Normal,Yes,Weekday,Winter,31.49,Low
2024-01-02,271,41,563,90,16,8,16,8,743,Rainy,No,Weekday,Winter,32.69,Low
2024-01-03,274,28,563,87,15,8,15,7,712,Normal,No,Weekday,Winter,34.59,Low
2024-01-04,243,32,563,81,14,6,13,6,646,Normal,No,Weekday,Winter,33.54,Low
2024-01-05,195,24,563,80,17,6,15,5,521,Cloudy,No,Weekday,Winter,30.65,Low
2024-01-06,297,46,563,88,17,8,13,7,901,Normal,No,Weekend,Winter,47.32,Medium
2024-01-07,229,32,563,80,14,7,13,6,654,Cloudy,No,Weekend,Winter,30.5,Low
2024-01-08,268,34,563,80,14,8,11,8,656,Cloudy,No,Weekday,Winter,36.99,Low
2024-01-09,233,22,563,80,17,7,14,7,616,Cloudy,No,Weekday,Winter,29.8,Low
2024-01-10,259,28,563,80,14,8,11,8,746,Normal,No,Weekday,Winter,37.86,Low
2024-01-11,255,26,563,86,16,7,14,7,585,Cloudy,No,Weekday,Winter,33.46,Low
2024-01-12,235,28,563,80,17,7,14,5,560,Cloudy,No,Weekday,Winter,36.62,Low
2024-01-13,252,28,563,80,16,8,15,8,733,Cloudy,No,Weekend,Winter,33.03,Low
2024-01-14,283,41,563,97,19,9,19,9,824,Normal,No,Weekend,Winter,34.76,Low
2024-01-15,246,35,563,82,17,7,16,6,587,Rainy,No,Weekday,Winter,35.37,Low
2024-01-16,211,21,563,80,14,7,11,6,477,Cloudy,No,Weekday,Winter,28.0,Low
2024-01-17,244,21,563,86,17,8,13,7,647,Normal,No,Weekday,Winter,33.34,Low
2024-01-18,280,26,563,80,17,8,14,6,776,Normal,No,Weekday,Winter,40.07,Medium
2024-01-19,290,29,563,102,18,9,18,8,857,Normal,No,Weekday,Winter,33.79,Low
2024-01-20,310,51,563,95,16,10,16,10,992,Normal,No,Weekend,Winter,45.81,Medium
2024-01-21,228,33,563,82,15,7,13,6,724,Cloudy,No,Weekend,Winter,35.85,Low
2024-01-22,216,18,563,80,16,6,16,5,586,Normal,No,Weekday,Winter,27.64,Low
2024-01-23,190,18,563,80,15,6,14,6,475,Cloudy,No,Weekday,Winter,21.43,Low
2024-01-24,205,22,563,80,15,7,13,6,516,Normal,No,Weekday,Winter,28.45,Low
2024-01-25,281,24,563,96,17,9,16,9,648,Normal,No,Weekday,Winter,33.08,Low
2024-01-26,258,35,563,85,16,8,11,6,623,Cloudy,Yes,Weekday,Winter,38.76,Low
2024-01-27,260,38,563,88,19,8,20,7,784,Normal,No,Weekend,Winter,37.14,Low
2024-01-28,250,38,563,87,15,8,14,8,820,Rainy,No,Weekend,Winter,33.74,Low
2024-01-29,276,37,563,101,20,8,19,7,839,Cloudy,No,Weekday,Winter,42.31,Medium
2024-01-30,225,21,563,80,16,6,16,5,589,Normal,No,Weekday,Winter,27.17,Low
2024-01-31,285,31,563,102,17,9,14,9,794,Normal,No,Weekday,Winter,38.87,Low
2024-02-01,227,31,563,80,13,8,11,6,583,Rainy,No,Weekday,Winter,32.98,Low
2024-02-02,230,24,563,80,15,7,15,6,671,Normal,No,Weekday,Winter,34.41,Low
2024-02-03,237,30,563,89,16,7,17,6,717,Cloudy,No,Weekend,Winter,35.55,Low
2024-02-04,242,33,563,81,14,7,12,6,706,Cloudy,No,Weekend,Winter,34.0,Low
2024-02-05,273,23,563,90,17,7,13,6,687,Normal,No,Weekday,Winter,36.8,Low
2024-02-06,273,29,563,82,16,8,13,7,801,Cloudy,No,Weekday,Winter,34.73,Low
2024-02-07,202,17,563,80,14,6,12,5,585,Normal,No,Weekday,Winter,23.81,Low
2024-02-08,242,31,563,80,14,7,11,7,689,Rainy,No,Weekday,Winter,33.93,Low
2024-02-09,256,28,563,80,16,8,13,7,725,Normal,No,Weekday,Winter,36.06,Low
2024-02-10,208,30,563,80,16,6,15,6,622,Normal,No,Weekend,Winter,29.53,Low
2024-02-11,308,47,563,109,20,10,21,9,824,Normal,No,Weekend,Winter,44.56,Medium
2024-02-12,252,30,563,82,14,8,12,6,622,Normal,No,Weekday,Winter,37.82,Low
2024-02-13,282,42,563,85,18,8,15,8,793,Rainy,No,Weekday,Winter,42.01,Medium
2024-02-14,238,30,563,86,16,8,14,7,582,Normal,No,Weekday,Winter,33.06,Low
2024-02-15,196,27,563,80,15,6,12,6,482,Normal,No,Weekday,Winter,27.33,Low
2024-02-16,257,25,563,80,17,7,14,6,664,Normal,No,Weekday,Winter,31.75,Low
2024-02-17,298,41,563,93,18,8,16,7,848,Cloudy,No,Weekend,Winter,43.85,Medium
2024-02-18,297,36,563,89,16,8,16,7,885,Normal,No,Weekend,Winter,38.43,Low
2024-02-19,254,21,563,87,19,8,15,8,721,Cloudy,No,Weekday,Winter,34.82,Low
2024-02-20,239,23,563,82,17,7,13,5,657,Normal,No,Weekday,Winter,32.78,Low
2024-02-21,267,34,563,92,17,7,14,7,768,Normal,No,Weekday,Winter,34.1,Low
2024-02-22,254,27,563,82,14,8,14,7,751,Normal,No,Weekday,Winter,32.32,Low
2024-02-23,272,34,563,96,16,8,12,6,743,Normal,No,Weekday,Winter,42.53,Medium
2024-02-24,223,22,563,80,16,7,14,7,527,Cloudy,No,Weekend,Winter,33.8,Low
2024-02-25,275,29,563,102,19,9,17,8,741,Normal,No,Weekend,Winter,36.87,Low
2024-02-26,243,24,563,80,14,6,13,5,547,Normal,No,Weekday,Winter,33.39,Low
2024-02-27,253,26,563,88,18,7,14,6,743,Normal,No,Weekday,Winter,34.88,Low
2024-02-28,204,19,563,80,17,6,14,6,470,Normal,No,Weekday,Winter,27.8,Low
2024-02-29,192,21,563,80,15,6,12,6,452,Cloudy,No,Weekday,Winter,24.07,Low
2024-03-01,291,24,563,96,17,9,15,7,798,Normal,No,Weekday,Summer,38.75,Low
2024-03-02,269,31,563,84,15,8,14,7,780,Hot,No,Weekend,Summer,36.68,Low
2024-03-03,277,43,563,95,20,8,16,6,881,Hot,No,Weekend,Summer,44.67,Medium
2024-03-04,279,23,563,85,15,8,16,7,751,Hot,No,Weekday,Summer,28.75,Low
2024-03-05,226,20,563,80,17,6,15,5,525,Hot,No,Weekday,Summer,26.53,Low
2024-03-06,250,26,563,87,16,8,12,7,602,Hot,No,Weekday,Summer,34.27,Low
2024-03-07,300,28,563,85,15,8,13,7,847,Cloudy,No,Weekday,Summer,38.62,Low
2024-03-08,279,29,563,93,19,7,17,6,743,Cloudy,No,Weekday,Summer,35.88,Low
2024-03-09,277,27,563,80,14,7,13,7,626,Normal,No,Weekend,Summer,32.14,Low
2024-03-10,304,34,563,81,14,9,14,7,802,Normal,No,Weekend,Summer,41.49,Medium
2024-03-11,305,27,563,110,19,8,15,8,662,Hot,No,Weekday,Summer,38.6,Low
2024-03-12,291,23,563,93,16,9,15,8,760,Hot,No,Weekday,Summer,36.51,Low
2024-03-13,229,29,563,80,14,7,11,6,552,Normal,No,Weekday,Summer,34.25,Low
2024-03-14,305,24,563,106,21,9,21,7,855,Normal,No,Weekday,Summer,39.52,Low
2024-03-15,283,34,563,91,16,8,13,8,676,Hot,No,Weekday,Summer,37.31,Low
2024-03-16,261,34,563,94,18,8,19,7,664,Hot,No,Weekend,Summer,35.51,Low
2024-03-17,300,46,563,101,19,8,17,7,873,Normal,No,Weekend,Summer,44.83,Medium
2024-03-18,329,34,563,116,20,9,17,8,750,Hot,No,Weekday,Summer,42.92,Medium
2024-03-19,232,21,563,80,16,6,15,6,645,Cloudy,No,Weekday,Summer,27.46,Low
2024-03-20,269,35,563,95,17,8,15,6,682,Hot,No,Weekday,Summer,40.17,Medium
2024-03-21,288,29,563,94,18,8,16,8,839,Cloudy,No,Weekday,Summer,36.58,Low
2024-03-22,290,31,563,81,15,9,15,8,683,Normal,No,Weekday,Summer,33.39,Low
2024-03-23,254,32,563,86,16,8,12,7,720,Hot,No,Weekend,Summer,35.68,Low
2024-03-24,252,28,563,85,15,8,14,7,576,Hot,No,Weekend,Summer,32.52,Low
2024-03-25,243,30,563,80,14,7,12,6,633,Hot,No,Weekday,Summer,32.9,Low
2024-03-26,333,33,563,107,19,9,15,7,886,Hot,No,Weekday,Summer,49.89,Medium
2024-03-27,325,33,563,109,20,10,18,9,826,Hot,No,Weekday,Summer,38.57,Low
2024-03-28,258,26,563,80,15,8,12,7,615,Hot,No,Weekday,Summer,34.38,Low
2024-03-29,306,39,563,92,20,8,15,7,840,Normal,No,Weekday,Summer,46.17,Medium
2024-03-30,346,47,563,97,20,10,17,10,1070,Hot,No,Weekend,Summer,51.61,Medium
2024-03-31,276,34,563,80,14,8,11,8,648,Hot,No,Weekend,Summer,36.08,Low
2024-04-01,232,26,563,82,17,7,17,6,597,Normal,No,Weekday,Summer,27.49,Low
2024-04-02,266,23,563,82,16,7,15,6,682,Normal,No,Weekday,Summer,34.11,Low
2024-04-03,260,27,563,82,16,8,14,8,636,Hot,No,Weekday,Summer,34.36,Low
2024-04-04,280,27,563,99,18,9,14,9,724,Hot,No,Weekday,Summer,40.22,Medium
2024-04-05,222,26,563,80,14,7,14,6,544,Cloudy,No,Weekday,Summer,29.19,Low
2024-04-06,242,25,563,80,14,8,12,7,580,Normal,No,Weekend,Summer,32.62,Low
2024-04-07,311,38,563,101,17,10,14,9,943,Hot,No,Weekend,Summer,43.07,Medium
2024-04-08,281,24,563,99,20,9,16,8,803,Hot,No,Weekday,Summer,39.64,Low
2024-04-09,249,31,563,80,16,8,12,7,721,Hot,No,Weekday,Summer,36.9,Low
2024-04-10,282,28,563,84,15,8,15,6,736,Hot,Yes,Weekday,Summer,36.45,Low
2024-04-11,239,29,563,85,17,7,17,7,728,Normal,No,Weekday,Summer,30.32,Low
2024-04-12,244,30,563,84,16,8,14,7,617,Hot,No,Weekday,Summer,33.11,Low
2024-04-13,248,36,563,80,13,7,11,6,744,Normal,No,Weekend,Summer,33.68,Low
2024-04-14,222,28,563,80,14,7,13,5,557,Normal,Yes,Weekend,Summer,34.44,Low
2024-04-15,276,29,563,90,16,8,14,8,687,Hot,No,Weekday,Summer,30.92,Low
2024-04-16,311,36,563,91,18,8,16,8,926,Hot,No,Weekday,Summer,40.82,Medium
2024-04-17,299,32,563,104,21,9,19,8,777,Hot,No,Weekday,Summer,40.56,Medium
2024-04-18,313,33,563,85,17,10,15,8,822,Hot,No,Weekday,Summer,44.15,Medium
2024-04-19,223,23,563,82,15,7,14,7,627,Normal,No,Weekday,Summer,33.25,Low
2024-04-20,258,34,563,86,16,7,13,6,659,Hot,No,Weekend,Summer,38.5,Low
2024-04-21,248,26,563,80,15,7,15,7,676,Hot,No,Weekend,Summer,29.79,Low
2024-04-22,299,25,563,105,18,9,16,9,665,Normal,No,Weekday,Summer,36.86,Low
2024-04-23,229,30,563,80,16,7,15,7,648,Hot,No,Weekday,Summer,32.1,Low
2024-04-24,246,20,563,80,14,8,14,8,616,Normal,No,Weekday,Summer,24.66,Low
2024-04-25,288,35,563,95,18,9,17,9,863,Hot,No,Weekday,Summer,40.72,Medium
2024-04-26,249,34,563,93,17,7,13,7,647,Hot,No,Weekday,Summer,35.97,Low
2024-04-27,236,30,563,80,14,7,14,7,584,Hot,No,Weekend,Summer,29.45,Low
2024-04-28,258,30,563,88,16,8,15,7,769,Cloudy,No,Weekend,Summer,37.49,Low
2024-04-29,219,18,563,80,14,7,13,6,621,Normal,No,Weekday,Summer,27.74,Low
2024-04-30,288,40,563,107,19,9,15,8,721,Hot,No,Weekday,Summer,41.4,Medium
2024-05-01,223,23,563,80,14,7,13,7,546,Normal,No,Weekday,Summer,25.07,Low
2024-05-02,300,33,563,86,15,9,13,8,820,Hot,No,Weekday,Summer,42.48,Medium
2024-05-03,292,40,563,96,17,8,14,7,841,Cloudy,No,Weekday,Summer,41.12,Medium
2024-05-04,331,42,563,118,24,11,25,11,1005,Hot,No,Weekend,Summer,41.73,Medium
2024-05-05,323,41,563,99,17,8,16,6,899,Hot,No,Weekend,Summer,46.72,Medium
2024-05-06,254,32,563,92,18,7,16,6,772,Hot,No,Weekday,Summer,35.88,Low
2024-05-07,281,39,563,96,17,7,14,5,857,Hot,No,Weekday,Summer,43.37,Medium
2024-05-08,251,21,563,82,16,7,12,7,622,Hot,No,Weekday,Summer,31.59,Low
2024-05-09,216,18,563,80,16,6,13,5,576,Normal,No,Weekday,Summer,29.73,Low
2024-05-10,252,28,563,86,15,8,15,8,712,Hot,No,Weekday,Summer,31.62,Low
2024-05-11,344,40,563,121,23,10,18,8,843,Hot,No,Weekend,Summer,52.31,Medium
2024-05-12,245,28,563,80,15,8,12,6,718,Normal,No,Weekend,Summer,36.67,Low
2024-05-13,261,25,563,92,17,7,17,7,680,Hot,No,Weekday,Summer,33.93,Low
2024-05-14,269,24,563,86,15,8,12,8,722,Cloudy,No,Weekday,Summer,31.12,Low
2024-05-15,248,32,563,80,14,7,13,5,581,Hot,No,Weekday,Summer,34.78,Low
2024-05-16,295,28,563,86,16,8,15,7,763,Hot,No,Weekday,Summer,35.04,Low
2024-05-17,250,23,563,84,16,6,14,6,593,Normal,No,Weekday,Summer,27.92,Low
2024-05-18,376,62,563,151,26,11,25,9,1183,Hot,No,Weekend,Summer,56.31,Medium
2024-05-19,278,40,563,106,18,9,18,8,772,Normal,No,Weekend,Summer,36.12,Low
2024-05-20,266,28,563,83,16,7,16,7,776,Normal,No,Weekday,Summer,31.58,Low
2024-05-21,332,36,563,103,21,10,21,9,811,Hot,No,Weekday,Summer,43.0,Medium
2024-05-22,237,30,563,80,16,8,15,8,748,Hot,No,Weekday,Summer,31.92,Low
2024-05-23,272,36,563,87,16,8,16,7,810,Cloudy,No,Weekday,Summer,36.81,Low
2024-05-24,327,26,563,100,19,11,17,11,793,Hot,No,Weekday,Summer,36.62,Low
2024-05-25,293,38,563,93,17,9,13,7,729,Normal,No,Weekend,Summer,42.79,Medium
2024-05-26,289,32,563,92,19,9,18,9,702,Hot,No,Weekend,Summer,36.34,Low
2024-05-27,260,24,563,80,16,8,15,7,703,Normal,No,Weekday,Summer,34.48,Low
2024-05-28,253,26,563,95,16,7,15,7,633,Hot,No,Weekday,Summer,31.67,Low
2024-05-29,291,32,563,104,19,9,19,8,799,Hot,No,Weekday,Summer,34.39,Low
2024-05-30,257,32,563,84,15,7,15,6,636,Hot,No,Weekday,Summer,36.61,Low
2024-05-31,249,32,563,87,18,7,18,6,608,Hot,No,Weekday,Summer,33.82,Low
2024-06-01,510,72,563,200,33,14,33,13,1587,Rainy,No,Weekend,Monsoon,74.7,High
2024-06-02,403,47,563,145,28,11,29,8,1421,Cloudy,No,Weekend,Monsoon,58.6,Medium
2024-06-03,373,38,563,138,29,10,31,8,971,Cloudy,No,Weekday,Monsoon,47.06,Medium
2024-06-04,443,72,563,190,38,12,35,10,1555,Rainy,No,Weekday,Monsoon,70.9,High
2024-06-05,337,43,563,134,23,10,21,9,1100,Cloudy,No,Weekday,Monsoon,48.27,Medium
2024-06-06,469,52,563,176,34,12,29,12,1369,Rainy,No,Weekday,Monsoon,63.91,Medium
2024-06-07,393,47,563,123,22,12,18,9,1227,Rainy,No,Weekday,Monsoon,62.59,Medium
2024-06-08,485,61,563,177,29,14,29,12,1325,Cloudy,No,Weekend,Monsoon,63.49,Medium
2024-06-09,520,83,563,216,37,15,30,15,1675,Rainy,No,Weekend,Monsoon,82.57,High
2024-06-10,443,36,563,137,28,11,28,9,1374,Cloudy,No,Weekday,Monsoon,57.42,Medium
2024-06-11,383,48,563,151,26,11,23,10,1051,Rainy,No,Weekday,Monsoon,54.22,Medium
2024-06-12,349,48,563,122,21,10,18,9,1153,Normal,No,Weekday,Monsoon,50.21,Medium
2024-06-13,406,51,563,132,22,11,18,9,1136,Cloudy,No,Weekday,Monsoon,61.06,Medium
2024-06-14,337,49,563,135,23,9,24,7,980,Rainy,No,Weekday,Monsoon,52.72,Medium
2024-06-15,417,59,563,143,24,12,19,10,1303,Rainy,No,Weekend,Monsoon,65.39,Medium
2024-06-16,456,52,563,180,32,12,31,10,1489,Normal,No,Weekend,Monsoon,65.56,Medium
2024-06-17,334,29,563,106,18,8,19,7,871,Cloudy,No,Weekday,Monsoon,41.14,Medium
2024-06-18,377,44,563,146,29,10,24,8,1102,Rainy,No,Weekday,Monsoon,57.44,Medium
2024-06-19,433,51,563,139,27,14,23,12,1500,Cloudy,No,Weekday,Monsoon,65.64,Medium
2024-06-20,366,42,563,121,25,10,25,9,1214,Cloudy,No,Weekday,Monsoon,53.78,Medium
2024-06-21,356,51,563,131,24,11,18,11,1154,Rainy,No,Weekday,Monsoon,54.41,Medium
2024-06-22,502,90,563,231,43,15,34,15,1770,Rainy,No,Weekend,Monsoon,87.73,High
2024-06-23,452,62,563,192,36,14,30,11,1237,Rainy,No,Weekend,Monsoon,70.06,High
2024-06-24,481,77,563,186,33,12,34,10,1564,Rainy,No,Weekday,Monsoon,69.24,Medium
2024-06-25,447,76,563,168,35,13,34,11,1702,Rainy,No,Weekday,Monsoon,71.98,High
2024-06-26,500,57,563,167,32,13,33,13,1603,Rainy,No,Weekday,Monsoon,63.52,Medium
2024-06-27,491,71,563,208,34,15,33,12,1565,Rainy,No,Weekday,Monsoon,73.91,High
2024-06-28,453,61,563,171,29,13,22,10,1496,Rainy,No,Weekday,Monsoon,70.84,High
2024-06-29,467,65,563,180,37,14,31,14,1439,Normal,No,Weekend,Monsoon,69.99,Medium
2024-06-30,433,64,563,189,33,11,27,10,1150,Rainy,No,Weekend,Monsoon,60.92,Medium
2024-07-01,358,54,563,121,20,9,20,8,1250,Rainy,No,Weekday,Monsoon,53.8,Medium
2024-07-02,424,69,563,159,26,13,20,10,1337,Rainy,No,Weekday,Monsoon,74.06,High
2024-07-03,424,50,563,126,24,11,23,10,1439,Rainy,No,Weekday,Monsoon,60.65,Medium
2024-07-04,509,58,563,158,32,16,30,14,1407,Rainy,No,Weekday,Monsoon,71.57,High
2024-07-05,350,39,563,124,26,11,27,11,1113,Cloudy,No,Weekday,Monsoon,47.03,Medium
2024-07-06,383,50,563,154,27,10,21,10,1259,Rainy,No,Weekend,Monsoon,55.48,Medium
2024-07-07,466,54,563,178,35,14,37,11,1354,Cloudy,No,Weekend,Monsoon,65.83,Medium
2024-07-08,440,60,563,141,27,14,27,12,1371,Cloudy,No,Weekday,Monsoon,61.71,Medium
2024-07-09,390,50,563,124,21,11,18,11,1178,Normal,No,Weekday,Monsoon,53.37,Medium
2024-07-10,441,67,563,199,36,14,37,13,1306,Rainy,No,Weekday,Monsoon,62.58,Medium
2024-07-11,418,39,563,145,28,12,29,12,1328,Cloudy,No,Weekday,Monsoon,45.04,Medium
2024-07-12,392,56,563,125,21,11,22,9,1243,Rainy,No,Weekday,Monsoon,55.04,Medium
2024-07-13,412,80,563,165,29,10,23,10,1462,Rainy,No,Weekend,Monsoon,68.39,Medium
2024-07-14,487,82,563,182,33,13,27,10,1566,Rainy,No,Weekend,Monsoon,82.78,High
2024-07-15,485,74,563,211,40,13,42,13,1368,Rainy,No,Weekday,Monsoon,65.97,Medium
2024-07-16,460,72,563,178,33,14,30,11,1476,Rainy,No,Weekday,Monsoon,74.01,High
2024-07-17,471,80,563,209,35,12,32,11,1437,Rainy,No,Weekday,Monsoon,72.7,High
2024-07-18,372,53,563,130,24,10,21,10,1151,Rainy,No,Weekday,Monsoon,55.92,Medium
2024-07-19,344,35,563,109,22,9,20,8,1152,Normal,No,Weekday,Monsoon,47.5,Medium
2024-07-20,405,57,563,150,25,11,23,10,1530,Rainy,No,Weekend,Monsoon,61.47,Medium
2024-07-21,484,81,563,193,34,15,30,12,1525,Rainy,No,Weekend,Monsoon,77.9,High
2024-07-22,344,48,563,128,22,10,17,10,1012,Rainy,No,Weekday,Monsoon,55.12,Medium
2024-07-23,326,36,563,109,20,8,20,6,1019,Normal,No,Weekday,Monsoon,46.38,Medium
2024-07-24,354,31,563,127,22,10,22,8,1077,Cloudy,No,Weekday,Monsoon,43.19,Medium
2024-07-25,501,78,563,177,30,13,26,10,1713,Rainy,No,Weekday,Monsoon,77.44,High
2024-07-26,386,37,563,150,31,11,24,9,977,Cloudy,No,Weekday,Monsoon,59.12,Medium
2024-07-27,470,73,563,186,32,13,28,12,1506,Rainy,No,Weekend,Monsoon,71.77,High
2024-07-28,373,52,563,134,27,12,25,10,1226,Cloudy,No,Weekend,Monsoon,56.99,Medium
2024-07-29,486,61,563,158,26,14,26,13,1508,Rainy,No,Weekday,Monsoon,65.59,Medium
2024-07-30,364,42,563,136,25,10,20,10,1114,Rainy,No,Weekday,Monsoon,53.02,Medium
2024-07-31,402,64,563,151,26,12,24,12,1413,Rainy,No,Weekday,Monsoon,64.99,Medium
2024-08-01,391,38,563,140,28,10,30,9,1052,Normal,No,Weekday,Monsoon,47.65,Medium
2024-08-02,448,61,563,197,41,12,35,12,1462,Rainy,No,Weekday,Monsoon,69.09,Medium
2024-08-03,470,68,563,170,31,15,31,14,1673,Normal,No,Weekend,Monsoon,65.18,Medium
2024-08-04,420,73,563,171,28,11,23,11,1508,Rainy,No,Weekend,Monsoon,67.89,Medium
2024-08-05,324,40,563,105,22,10,22,9,1027,Normal,No,Weekday,Monsoon,42.5,Medium
2024-08-06,404,63,563,178,34,10,27,9,1291,Rainy,No,Weekday,Monsoon,64.44,Medium
2024-08-07,471,61,563,165,30,13,27,10,1433,Rainy,No,Weekday,Monsoon,70.79,High
2024-08-08,425,59,563,142,27,11,27,9,1330,Cloudy,No,Weekday,Monsoon,57.81,Medium
2024-08-09,373,46,563,131,22,10,21,10,1109,Rainy,No,Weekday,Monsoon,51.14,Medium
2024-08-10,366,48,563,133,28,9,28,8,1137,Cloudy,No,Weekend,Monsoon,51.36,Medium
2024-08-11,520,69,563,211,36,13,33,11,1541,Rainy,No,Weekend,Monsoon,74.31,High
2024-08-12,481,66,563,188,35,15,36,15,1450,Rainy,No,Weekday,Monsoon,64.59,Medium
2024-08-13,360,49,563,107,18,11,14,11,1274,Cloudy,No,Weekday,Monsoon,53.94,Medium
2024-08-14,366,52,563,132,28,10,23,9,968,Rainy,No,Weekday,Monsoon,53.79,Medium
2024-08-15,334,34,563,126,24,9,23,8,1150,Normal,Yes,Weekday,Monsoon,42.48,Medium
2024-08-16,443,52,563,148,25,12,20,11,1222,Cloudy,No,Weekday,Monsoon,64.02,Medium
2024-08-17,520,65,563,206,39,15,31,14,1361,Rainy,No,Weekend,Monsoon,73.86,High
2024-08-18,414,77,563,161,29,12,23,11,1412,Rainy,No,Weekend,Monsoon,67.44,Medium
2024-08-19,505,79,563,214,42,15,36,14,1737,Rainy,No,Weekday,Monsoon,80.24,High
2024-08-20,417,37,563,146,27,11,28,11,1060,Cloudy,No,Weekday,Monsoon,48.71,Medium
2024-08-21,453,66,563,194,39,12,35,12,1323,Rainy,No,Weekday,Monsoon,66.71,Medium
2024-08-22,476,74,563,206,40,14,37,11,1561,Rainy,No,Weekday,Monsoon,73.41,High
2024-08-23,478,56,563,145,27,15,23,13,1557,Rainy,No,Weekday,Monsoon,68.64,Medium
2024-08-24,397,51,563,151,29,12,30,10,1381,Rainy,No,Weekend,Monsoon,54.02,Medium
2024-08-25,520,83,563,239,40,16,39,14,1639,Rainy,No,Weekend,Monsoon,79.33,High
2024-08-26,410,52,563,150,26,11,26,11,1379,Rainy,No,Weekday,Monsoon,59.37,Medium
2024-08-27,365,44,563,140,24,9,22,9,1098,Rainy,No,Weekday,Monsoon,49.47,Medium
2024-08-28,392,49,563,131,26,12,20,11,1336,Rainy,No,Weekday,Monsoon,63.84,Medium
2024-08-29,516,62,563,210,41,14,36,13,1721,Rainy,No,Weekday,Monsoon,76.62,High
2024-08-30,352,48,563,113,21,10,20,8,1222,Cloudy,No,Weekday,Monsoon,53.07,Medium
2024-08-31,418,60,563,152,27,12,26,9,1404,Rainy,No,Weekend,Monsoon,59.88,Medium
2024-09-01,393,63,563,141,27,13,21,13,1193,Rainy,No,Weekend,Monsoon,60.7,Medium
2024-09-02,406,43,563,131,23,12,24,10,1355,Rainy,No,Weekday,Monsoon,53.51,Medium
2024-09-03,387,48,563,137,23,12,24,10,1129,Rainy,No,Weekday,Monsoon,51.58,Medium
2024-09-04,520,86,563,233,41,15,42,13,1881,Rainy,No,Weekday,Monsoon,80.81,High
2024-09-05,377,63,563,157,30,12,26,11,1234,Rainy,No,Weekday,Monsoon,61.45,Medium
2024-09-06,331,46,563,125,22,10,17,9,1129,Cloudy,No,Weekday,Monsoon,52.49,Medium
2024-09-07,423,51,563,153,30,11,30,8,1367,Cloudy,No,Weekend,Monsoon,59.28,Medium
2024-09-08,440,75,563,201,33,13,33,13,1280,Rainy,No,Weekend,Monsoon,63.35,Medium
2024-09-09,367,38,563,123,20,9,18,9,1242,Cloudy,No,Weekday,Monsoon,48.49,Medium
2024-09-10,381,58,563,131,24,10,24,8,1176,Rainy,No,Weekday,Monsoon,53.81,Medium
2024-09-11,493,68,563,173,30,14,26,14,1398,Rainy,No,Weekday,Monsoon,69.66,Medium
2024-09-12,407,63,563,170,31,10,25,8,1357,Rainy,No,Weekday,Monsoon,63.07,Medium
2024-09-13,439,40,563,132,25,11,25,10,1164,Cloudy,No,Weekday,Monsoon,50.39,Medium
2024-09-14,520,102,563,208,35,13,37,11,1798,Rainy,No,Weekend,Monsoon,84.74,High
2024-09-15,492,74,563,204,37,15,30,12,1838,Rainy,Yes,Weekend,Monsoon,83.95,High
2024-09-16,414,44,563,161,29,13,27,10,1191,Normal,No,Weekday,Monsoon,57.92,Medium
2024-09-17,363,57,563,126,24,11,22,10,1194,Rainy,No,Weekday,Monsoon,56.52,Medium
2024-09-18,497,69,563,171,35,14,31,12,1443,Rainy,No,Weekday,Monsoon,67.5,Medium
2024-09-19,421,52,563,173,36,11,28,10,1305,Rainy,No,Weekday,Monsoon,60.69,Medium
2024-09-20,367,42,563,125,21,10,17,8,1098,Rainy,No,Weekday,Monsoon,53.52,Medium
2024-09-21,507,82,563,199,33,14,26,12,1583,Rainy,No,Weekend,Monsoon,82.76,High
2024-09-22,376,42,563,136,28,11,30,9,1080,Normal,No,Weekend,Monsoon,49.97,Medium
2024-09-23,459,54,563,158,28,12,25,12,1306,Rainy,No,Weekday,Monsoon,61.41,Medium
2024-09-24,402,43,563,145,24,11,22,9,1431,Cloudy,No,Weekday,Monsoon,58.74,Medium
2024-09-25,320,39,563,126,22,9,19,9,965,Cloudy,No,Weekday,Monsoon,43.14,Medium
2024-09-26,314,40,563,124,21,8,18,6,1070,Cloudy,No,Weekday,Monsoon,50.84,Medium
2024-09-27,382,60,563,143,26,11,23,8,1323,Rainy,No,Weekday,Monsoon,65.68,Medium
2024-09-28,502,75,563,209,41,14,37,13,1604,Rainy,No,Weekend,Monsoon,76.93,High
2024-09-29,520,89,563,189,32,14,26,13,1993,Rainy,No,Weekend,Monsoon,85.68,High
2024-09-30,493,71,563,190,35,15,37,15,1511,Rainy,No,Weekday,Monsoon,68.37,Medium
2024-10-01,259,33,563,96,17,7,16,6,707,Normal,No,Weekday,Post-Monsoon,35.58,Low
2024-10-02,267,28,563,88,16,9,14,7,764,Cloudy,Yes,Weekday,Post-Monsoon,38.57,Low
2024-10-03,307,42,563,96,17,8,14,7,838,Normal,No,Weekday,Post-Monsoon,45.76,Medium
2024-10-04,320,44,563,104,21,10,20,9,956,Normal,No,Weekday,Post-Monsoon,43.05,Medium
2024-10-05,338,42,563,98,20,9,19,9,905,Normal,No,Weekend,Post-Monsoon,43.62,Medium
2024-10-06,280,41,563,83,15,9,11,7,767,Rainy,No,Weekend,Post-Monsoon,43.53,Medium
2024-10-07,251,32,563,80,14,7,14,6,678,Normal,No,Weekday,Post-Monsoon,39.19,Low
2024-10-08,295,44,563,102,17,8,14,8,749,Rainy,No,Weekday,Post-Monsoon,41.33,Medium
2024-10-09,329,33,563,111,21,9,20,8,846,Normal,No,Weekday,Post-Monsoon,41.27,Medium
2024-10-10,294,30,563,96,16,10,16,8,771,Normal,No,Weekday,Post-Monsoon,37.54,Low
2024-10-11,289,28,563,83,15,7,14,7,666,Normal,No,Weekday,Post-Monsoon,32.92,Low
2024-10-12,326,45,563,96,19,9,17,7,928,Cloudy,No,Weekend,Post-Monsoon,46.23,Medium
2024-10-13,314,44,563,110,21,9,21,7,945,Normal,No,Weekend,Post-Monsoon,44.77,Medium
2024-10-14,276,45,563,90,15,8,13,7,863,Rainy,No,Weekday,Post-Monsoon,42.14,Medium
2024-10-15,306,24,563,80,13,8,12,7,775,Cloudy,No,Weekday,Post-Monsoon,36.97,Low
2024-10-16,270,25,563,80,14,7,11,6,662,Cloudy,No,Weekday,Post-Monsoon,35.93,Low
2024-10-17,329,28,563,96,17,9,14,7,847,Normal,No,Weekday,Post-Monsoon,41.99,Medium
2024-10-18,299,32,563,98,16,9,17,7,828,Normal,No,Weekday,Post-Monsoon,39.47,Low
2024-10-19,269,35,563,99,19,7,15,6,685,Cloudy,No,Weekend,Post-Monsoon,37.85,Low
2024-10-20,274,37,563,100,19,8,20,6,804,Cloudy,No,Weekend,Post-Monsoon,40.41,Medium
2024-10-21,282,40,563,88,15,9,15,9,721,Rainy,No,Weekday,Post-Monsoon,35.89,Low
2024-10-22,339,29,563,106,19,10,20,10,918,Normal,No,Weekday,Post-Monsoon,41.9,Medium
2024-10-23,267,28,563,88,18,8,16,6,776,Normal,No,Weekday,Post-Monsoon,39.5,Low
2024-10-24,285,29,563,83,15,9,15,8,630,Normal,No,Weekday,Post-Monsoon,32.75,Low
2024-10-25,335,40,563,98,20,10,16,9,872,Rainy,No,Weekday,Post-Monsoon,45.85,Medium
2024-10-26,365,56,563,108,20,10,16,10,977,Rainy,No,Weekend,Post-Monsoon,54.39,Medium
2024-10-27,326,49,563,100,20,8,18,8,955,Normal,No,Weekend,Post-Monsoon,44.72,Medium
2024-10-28,336,34,563,90,16,10,13,8,963,Normal,No,Weekday,Post-Monsoon,49.15,Medium
2024-10-29,378,61,563,148,29,10,29,9,1067,Rainy,No,Weekday,Post-Monsoon,57.16,Medium
2024-10-30,318,41,563,107,21,10,20,8,782,Rainy,No,Weekday,Post-Monsoon,44.94,Medium
2024-10-31,239,26,563,90,16,8,10,7,580,Normal,Yes,Weekday,Post-Monsoon,37.12,Low
2024-11-01,270,36,563,99,18,8,17,8,719,Normal,No,Weekday,Post-Monsoon,38.31,Low
2024-11-02,408,48,563,123,23,11,19,9,1096,Rainy,No,Weekend,Post-Monsoon,51.82,Medium
2024-11-03,304,47,563,102,22,8,21,6,858,Normal,No,Weekend,Post-Monsoon,48.32,Medium
2024-11-04,274,22,563,95,16,7,16,7,759,Normal,No,Weekday,Post-Monsoon,31.43,Low
2024-11-05,282,32,563,88,18,7,18,6,812,Normal,No,Weekday,Post-Monsoon,32.99,Low
2024-11-06,308,38,563,86,16,8,17,8,730,Normal,No,Weekday,Post-Monsoon,38.14,Low
2024-11-07,247,32,563,80,15,6,12,5,760,Normal,No,Weekday,Post-Monsoon,35.88,Low
2024-11-08,379,62,563,142,24,12,23,10,985,Rainy,No,Weekday,Post-Monsoon,54.51,Medium
2024-11-09,360,57,563,110,22,11,17,8,1064,Cloudy,No,Weekend,Post-Monsoon,59.43,Medium
2024-11-10,261,34,563,97,19,7,15,7,721,Cloudy,No,Weekend,Post-Monsoon,38.94,Low
2024-11-11,290,34,563,98,20,8,16,7,755,Cloudy,No,Weekday,Post-Monsoon,47.05,Medium
2024-11-12,328,28,563,104,22,10,18,9,894,Normal,No,Weekday,Post-Monsoon,40.35,Medium
2024-11-13,290,25,563,103,17,8,14,7,808,Normal,No,Weekday,Post-Monsoon,40.86,Medium
2024-11-14,256,32,563,93,18,7,17,7,680,Normal,No,Weekday,Post-Monsoon,34.75,Low
2024-11-15,266,30,563,96,17,7,16,5,646,Cloudy,No,Weekday,Post-Monsoon,35.97,Low
2024-11-16,271,34,563,94,16,7,16,6,657,Cloudy,No,Weekend,Post-Monsoon,39.76,Low
2024-11-17,356,48,563,110,23,9,18,7,1067,Cloudy,No,Weekend,Post-Monsoon,50.23,Medium
2024-11-18,325,37,563,100,17,9,17,8,848,Cloudy,No,Weekday,Post-Monsoon,43.72,Medium
2024-11-19,240,24,563,80,15,7,15,5,637,Cloudy,No,Weekday,Post-Monsoon,33.43,Low
2024-11-20,303,33,563,105,18,9,14,8,767,Cloudy,No,Weekday,Post-Monsoon,43.7,Medium
2024-11-21,252,30,563,80,14,7,14,5,663,Cloudy,No,Weekday,Post-Monsoon,35.6,Low
2024-11-22,241,26,563,84,14,7,13,6,723,Normal,No,Weekday,Post-Monsoon,32.19,Low
2024-11-23,283,32,563,94,20,9,17,9,821,Normal,No,Weekend,Post-Monsoon,39.46,Low
2024-11-24,314,41,563,117,24,8,20,7,835,Normal,No,Weekend,Post-Monsoon,42.99,Medium
2024-11-25,330,41,563,102,20,11,20,8,904,Normal,No,Weekday,Post-Monsoon,48.15,Medium
2024-11-26,335,41,563,102,22,11,21,10,936,Cloudy,No,Weekday,Post-Monsoon,45.59,Medium
2024-11-27,363,45,563,127,23,11,23,10,1048,Rainy,No,Weekday,Post-Monsoon,49.43,Medium
2024-11-28,317,36,563,94,19,9,16,7,880,Rainy,No,Weekday,Post-Monsoon,45.18,Medium
2024-11-29,318,33,563,86,17,9,15,7,790,Cloudy,No,Weekday,Post-Monsoon,41.76,Medium
2024-11-30,353,50,563,118,23,10,18,8,1090,Cloudy,No,Weekend,Post-Monsoon,54.16,Medium
2024-12-01,240,26,563,80,14,8,12,6,567,Normal,No,Weekend,Winter,33.17,Low
2024-12-02,264,34,563,80,17,8,15,7,820,Cloudy,No,Weekday,Winter,37.48,Low
2024-12-03,203,20,563,80,15,6,15,5,469,Cloudy,No,Weekday,Winter,23.08,Low
2024-12-04,271,27,563,91,16,9,17,7,712,Cloudy,No,Weekday,Winter,39.35,Low
2024-12-05,212,20,563,80,15,6,13,5,469,Normal,No,Weekday,Winter,27.57,Low
2024-12-06,236,22,563,80,14,6,13,5,529,Cloudy,No,Weekday,Winter,29.66,Low
2024-12-07,290,39,563,104,19,9,19,7,739,Normal,No,Weekend,Winter,41.26,Medium
2024-12-08,245,32,563,80,14,7,13,7,617,Normal,No,Weekend,Winter,34.88,Low
2024-12-09,264,27,563,90,16,7,15,6,642,Normal,No,Weekday,Winter,36.8,Low
2024-12-10,254,24,563,90,16,8,17,7,619,Normal,No,Weekday,Winter,33.04,Low
2024-12-11,198,20,563,80,14,6,14,6,444,Cloudy,No,Weekday,Winter,22.71,Low
2024-12-12,241,28,563,80,15,6,13,6,563,Normal,No,Weekday,Winter,33.96,Low
2024-12-13,216,22,563,80,13,6,13,5,639,Normal,No,Weekday,Winter,27.51,Low
2024-12-14,262,29,563,82,17,7,18,5,660,Normal,No,Weekend,Winter,37.26,Low
2024-12-15,318,31,563,114,20,9,17,9,906,Normal,No,Weekend,Winter,39.73,Low
2024-12-16,211,21,563,80,16,7,15,6,469,Normal,No,Weekday,Winter,25.53,Low
2024-12-17,265,30,563,86,14,7,13,6,767,Normal,No,Weekday,Winter,33.74,Low
2024-12-18,223,29,563,80,15,7,12,7,598,Normal,No,Weekday,Winter,30.39,Low
2024-12-19,275,27,563,86,17,7,13,7,766,Cloudy,No,Weekday,Winter,38.22,Low
2024-12-20,205,17,563,80,17,6,16,5,583,Cloudy,No,Weekday,Winter,28.25,Low
2024-12-21,242,34,563,80,17,7,18,6,638,Cloudy,No,Weekend,Winter,35.25,Low
2024-12-22,285,39,563,89,15,8,14,6,813,Normal,No,Weekend,Winter,41.76,Medium
2024-12-23,215,27,563,80,15,6,13,6,615,Normal,No,Weekday,Winter,32.8,Low
2024-12-24,222,24,563,80,17,6,15,6,647,Normal,No,Weekday,Winter,32.26,Low
2024-12-25,266,38,563,100,17,8,15,5,645,Normal,Yes,Weekday,Winter,41.38,Medium
2024-12-26,255,33,563,90,19,8,18,8,584,Normal,No,Weekday,Winter,36.49,Low
2024-12-27,223,17,563,80,16,7,14,6,546,Cloudy,No,Weekday,Winter,29.77,Low
2024-12-28,316,45,563,101,22,9,21,7,958,Normal,No,Weekend,Winter,48.15,Medium
2024-12-29,267,27,563,80,16,8,16,7,758,Normal,No,Weekend,Winter,33.34,Low
2024-12-30,204,21,563,80,15,6,16,4,450,Cloudy,No,Weekday,Winter,23.94,Low
2024-12-31,204,17,563,80,17,6,16,4,512,Normal,No,Weekday,Winter,25.18,Low
2025-01-01,243,29,563,80,15,7,9,5,638,Cloudy,Yes,Weekday,Winter,37.17,Low
2025-01-02,245,29,563,80,15,7,14,6,657,Cloudy,No,Weekday,Winter,37.01,Low
2025-01-03,253,30,563,80,14,7,11,7,705,Normal,No,Weekday,Winter,36.77,Low
2025-01-04,227,26,563,80,16,6,16,6,665,Normal,No,Weekend,Winter,24.43,Low
2025-01-05,313,41,563,102,20,8,20,8,820,Normal,No,Weekend,Winter,36.99,Low
2025-01-06,245,30,563,90,16,8,15,8,595,Normal,No,Weekday,Winter,31.04,Low
2025-01-07,216,33,563,84,15,6,12,5,673,Rainy,No,Weekday,Winter,31.63,Low
2025-01-08,229,25,563,80,16,6,12,5,658,Cloudy,No,Weekday,Winter,33.68,Low
2025-01-09,239,28,563,82,15,7,14,6,616,Normal,No,Weekday,Winter,31.75,Low
2025-01-10,264,36,563,80,15,7,13,5,687,Normal,No,Weekday,Winter,39.51,Low
2025-01-11,212,26,563,80,17,6,15,5,523,Normal,No,Weekend,Winter,28.89,Low
2025-01-12,328,47,563,114,22,10,18,10,1027,Rainy,No,Weekend,Winter,48.48,Medium
2025-01-13,232,34,563,80,14,6,11,5,709,Rainy,No,Weekday,Winter,35.77,Low
2025-01-14,194,19,563,80,15,6,14,5,453,Normal,No,Weekday,Winter,25.32,Low
2025-01-15,273,32,563,89,18,8,16,6,813,Normal,No,Weekday,Winter,36.67,Low
2025-01-16,195,21,563,80,16,5,16,4,559,Normal,No,Weekday,Winter,23.44,Low
2025-01-17,231,19,563,80,17,8,17,8,574,Normal,No,Weekday,Winter,27.0,Low
2025-01-18,230,27,563,80,17,6,15,5,630,Normal,No,Weekend,Winter,33.83,Low
2025-01-19,275,41,563,106,18,9,14,7,876,Cloudy,No,Weekend,Winter,46.01,Medium
2025-01-20,310,36,563,112,24,8,21,6,908,Rainy,No,Weekday,Winter,44.88,Medium
2025-01-21,228,20,563,80,15,7,15,6,528,Normal,No,Weekday,Winter,26.88,Low
2025-01-22,282,31,563,98,16,9,15,8,814,Normal,No,Weekday,Winter,31.51,Low
2025-01-23,243,33,563,80,14,6,13,6,591,Cloudy,No,Weekday,Winter,33.76,Low
2025-01-24,232,26,563,80,15,7,12,6,553,Normal,No,Weekday,Winter,33.82,Low
2025-01-25,314,41,563,87,16,8,15,7,750,Normal,No,Weekend,Winter,41.7,Medium
2025-01-26,186,25,563,80,14,6,12,3,558,Normal,Yes,Weekend,Winter,30.67,Low
2025-01-27,201,27,563,80,16,6,15,6,502,Normal,No,Weekday,Winter,24.42,Low
2025-01-28,221,26,563,80,14,7,10,6,633,Normal,No,Weekday,Winter,34.47,Low
2025-01-29,241,31,563,80,16,7,14,7,614,Rainy,No,Weekday,Winter,32.74,Low
2025-01-30,242,26,563,80,16,7,15,5,673,Normal,No,Weekday,Winter,33.7,Low
2025-01-31,216,18,563,80,14,6,12,6,504,Normal,No,Weekday,Winter,27.5,Low
2025-02-01,292,35,563,91,15,9,15,7,806,Cloudy,No,Weekend,Winter,39.02,Low
2025-02-02,263,25,563,88,18,7,16,7,684,Normal,No,Weekend,Winter,33.75,Low
2025-02-03,254,24,563,89,15,7,12,6,642,Normal,No,Weekday,Winter,32.32,Low
2025-02-04,256,35,563,80,16,7,13,6,692,Normal,No,Weekday,Winter,39.43,Low
2025-02-05,209,23,563,80,15,6,13,5,560,Cloudy,No,Weekday,Winter,31.03,Low
2025-02-06,261,26,563,91,18,8,18,7,685,Cloudy,No,Weekday,Winter,27.82,Low
2025-02-07,276,43,563,84,15,8,13,8,833,Rainy,No,Weekday,Winter,37.24,Low
2025-02-08,298,35,563,99,21,8,21,6,889,Cloudy,No,Weekend,Winter,42.82,Medium
2025-02-09,229,31,563,80,15,7,13,7,613,Normal,No,Weekend,Winter,29.77,Low
2025-02-10,228,29,563,80,17,7,15,7,651,Normal,No,Weekday,Winter,31.69,Low
2025-02-11,226,23,563,80,15,6,13,5,574,Cloudy,No,Weekday,Winter,31.15,Low
2025-02-12,269,27,563,80,14,7,14,7,706,Normal,No,Weekday,Winter,28.51,Low
2025-02-13,225,20,563,80,13,7,10,7,649,Normal,No,Weekday,Winter,28.53,Low
2025-02-14,262,22,563,80,15,8,13,7,646,Cloudy,No,Weekday,Winter,33.69,Low
2025-02-15,253,30,563,80,16,8,14,7,726,Normal,No,Weekend,Winter,35.84,Low
2025-02-16,239,37,563,80,14,7,11,6,587,Normal,No,Weekend,Winter,36.98,Low
2025-02-17,293,39,563,98,18,9,15,9,822,Rainy,No,Weekday,Winter,41.07,Medium
2025-02-18,230,38,563,91,16,7,14,7,676,Rainy,No,Weekday,Winter,34.79,Low
2025-02-19,207,21,563,80,14,6,13,5,508,Normal,No,Weekday,Winter,29.43,Low
2025-02-20,254,21,563,80,15,7,15,7,667,Normal,No,Weekday,Winter,29.43,Low
2025-02-21,283,32,563,93,16,8,13,7,825,Normal,No,Weekday,Winter,39.44,Low
2025-02-22,292,44,563,116,23,9,24,8,834,Cloudy,No,Weekend,Winter,41.33,Medium
2025-02-23,230,30,563,85,17,7,16,6,568,Rainy,No,Weekend,Winter,29.43,Low
2025-02-24,244,36,563,83,15,8,15,7,707,Rainy,No,Weekday,Winter,31.12,Low
2025-02-25,279,22,563,80,14,7,11,7,662,Normal,No,Weekday,Winter,31.52,Low
2025-02-26,232,30,563,80,17,7,16,6,666,Rainy,No,Weekday,Winter,32.58,Low
2025-02-27,190,16,563,80,16,6,17,6,477,Cloudy,No,Weekday,Winter,21.81,Low
2025-02-28,250,34,563,80,15,7,13,6,737,Normal,No,Weekday,Winter,36.74,Low
2025-03-01,331,33,563,97,18,10,15,8,904,Hot,No,Weekend,Summer,46.69,Medium
2025-03-02,267,30,563,80,13,8,13,8,762,Hot,No,Weekend,Summer,32.58,Low
2025-03-03,298,25,563,99,18,9,19,7,646,Cloudy,No,Weekday,Summer,39.99,Low
2025-03-04,243,20,563,80,14,6,14,6,629,Hot,No,Weekday,Summer,27.07,Low
2025-03-05,231,24,563,85,17,7,14,6,573,Hot,No,Weekday,Summer,29.74,Low
2025-03-06,293,35,563,99,19,9,17,8,756,Normal,No,Weekday,Summer,37.98,Low
2025-03-07,321,27,563,99,20,9,17,9,760,Hot,No,Weekday,Summer,42.53,Medium
2025-03-08,262,40,563,98,21,7,22,7,664,Cloudy,No,Weekend,Summer,32.93,Low
2025-03-09,338,46,563,99,18,11,15,9,954,Normal,No,Weekend,Summer,51.31,Medium
2025-03-10,237,19,563,80,15,7,12,7,538,Hot,No,Weekday,Summer,31.03,Low
2025-03-11,254,27,563,80,15,7,15,6,690,Normal,No,Weekday,Summer,32.39,Low
2025-03-12,248,28,563,80,14,8,13,8,710,Normal,No,Weekday,Summer,29.53,Low
2025-03-13,232,31,563,80,17,7,17,7,712,Normal,No,Weekday,Summer,26.53,Low
2025-03-14,289,36,563,90,16,9,13,8,750,Hot,No,Weekday,Summer,39.28,Low
2025-03-15,312,46,563,115,19,8,18,8,942,Hot,No,Weekend,Summer,43.01,Medium
2025-03-16,324,38,563,97,19,10,15,10,910,Normal,No,Weekend,Summer,41.08,Medium
2025-03-17,302,28,563,96,16,10,16,8,680,Hot,No,Weekday,Summer,36.3,Low
2025-03-18,311,25,563,104,21,10,21,8,690,Hot,No,Weekday,Summer,37.29,Low
2025-03-19,245,25,563,80,15,6,13,5,575,Normal,No,Weekday,Summer,34.13,Low
2025-03-20,303,31,563,96,17,9,15,8,847,Hot,No,Weekday,Summer,42.14,Medium
2025-03-21,235,23,563,81,15,7,13,6,567,Hot,No,Weekday,Summer,29.88,Low
2025-03-22,315,31,563,90,16,10,15,9,889,Hot,No,Weekend,Summer,41.98,Medium
2025-03-23,276,33,563,96,18,7,18,6,749,Hot,No,Weekend,Summer,38.95,Low
2025-03-24,230,31,563,80,14,7,13,5,663,Hot,No,Weekday,Summer,33.0,Low
2025-03-25,286,27,563,96,20,9,21,7,679,Hot,No,Weekday,Summer,36.37,Low
2025-03-26,282,38,563,86,18,8,18,7,719,Hot,No,Weekday,Summer,38.65,Low
2025-03-27,220,24,563,80,16,7,15,7,625,Normal,No,Weekday,Summer,29.82,Low
2025-03-28,293,30,563,86,16,9,16,9,694,Cloudy,No,Weekday,Summer,31.96,Low
2025-03-29,264,35,563,89,16,7,15,7,601,Hot,No,Weekend,Summer,33.93,Low
2025-03-30,289,47,563,101,18,8,16,8,725,Normal,No,Weekend,Summer,41.9,Medium
2025-03-31,239,36,563,83,16,6,15,3,660,Hot,Yes,Weekday,Summer,34.59,Low
2025-04-01,292,24,563,103,20,8,20,8,821,Normal,No,Weekday,Summer,32.79,Low
2025-04-02,281,28,563,83,15,9,11,8,756,Hot,No,Weekday,Summer,37.92,Low
2025-04-03,293,33,563,86,16,9,13,9,830,Normal,No,Weekday,Summer,37.45,Low
2025-04-04,282,28,563,98,17,8,14,8,825,Hot,No,Weekday,Summer,38.05,Low
2025-04-05,277,30,563,80,17,8,16,6,656,Normal,No,Weekend,Summer,34.73,Low
2025-04-06,257,31,563,80,17,7,18,7,628,Hot,No,Weekend,Summer,30.14,Low
2025-04-07,312,41,563,107,19,10,19,10,902,Hot,No,Weekday,Summer,42.85,Medium
2025-04-08,231,28,563,80,16,8,15,6,560,Normal,No,Weekday,Summer,31.63,Low
2025-04-09,245,26,563,80,15,6,16,5,665,Normal,No,Weekday,Summer,31.46,Low
2025-04-10,220,23,563,80,16,6,16,5,607,Normal,No,Weekday,Summer,24.61,Low
2025-04-11,283,37,563,104,20,8,16,8,786,Hot,No,Weekday,Summer,40.1,Medium
2025-04-12,242,26,563,80,16,7,17,6,643,Hot,No,Weekend,Summer,31.13,Low
2025-04-13,293,38,563,96,19,9,20,8,893,Hot,No,Weekend,Summer,40.39,Medium
2025-04-14,236,28,563,80,14,7,8,5,680,Normal,Yes,Weekday,Summer,40.71,Medium
2025-04-15,300,32,563,106,18,8,17,6,743,Hot,No,Weekday,Summer,42.08,Medium
2025-04-16,287,28,563,96,20,9,20,8,809,Normal,No,Weekday,Summer,41.86,Medium
2025-04-17,238,32,563,85,17,6,16,5,672,Normal,No,Weekday,Summer,36.09,Low
2025-04-18,240,26,563,80,15,8,14,7,671,Normal,No,Weekday,Summer,30.47,Low
2025-04-19,314,39,563,115,24,10,22,8,889,Hot,No,Weekend,Summer,45.05,Medium
2025-04-20,241,31,563,88,15,7,14,6,640,Normal,No,Weekend,Summer,35.47,Low
2025-04-21,279,30,563,96,18,8,14,7,794,Hot,No,Weekday,Summer,39.29,Low
2025-04-22,329,27,563,102,21,11,17,9,826,Hot,No,Weekday,Summer,40.59,Medium
2025-04-23,242,22,563,80,14,7,11,6,657,Hot,No,Weekday,Summer,34.62,Low
2025-04-24,321,31,563,88,17,9,13,7,893,Hot,No,Weekday,Summer,43.42,Medium
2025-04-25,261,27,563,80,14,8,11,7,728,Cloudy,No,Weekday,Summer,34.99,Low
2025-04-26,269,42,563,94,19,7,19,7,664,Hot,No,Weekend,Summer,39.73,Low
2025-04-27,327,43,563,113,20,10,18,9,950,Hot,No,Weekend,Summer,46.15,Medium
2025-04-28,265,21,563,90,15,7,14,6,740,Cloudy,No,Weekday,Summer,34.12,Low
2025-04-29,231,25,563,80,14,8,14,7,547,Hot,No,Weekday,Summer,32.81,Low
2025-04-30,333,36,563,119,25,9,25,7,972,Hot,No,Weekday,Summer,43.25,Medium
2025-05-01,231,21,563,80,14,7,13,5,644,Normal,No,Weekday,Summer,31.27,Low
2025-05-02,227,23,563,80,14,6,11,6,600,Hot,No,Weekday,Summer,31.48,Low
2025-05-03,270,30,563,96,16,9,12,7,704,Hot,No,Weekend,Summer,43.37,Medium
2025-05-04,284,45,563,105,18,9,17,9,882,Normal,No,Weekend,Summer,41.06,Medium
2025-05-05,240,27,563,80,14,7,12,6,740,Hot,No,Weekday,Summer,33.81,Low
2025-05-06,319,37,563,103,21,8,17,7,867,Hot,No,Weekday,Summer,49.24,Medium
2025-05-07,247,32,563,80,14,8,14,7,624,Normal,No,Weekday,Summer,33.65,Low
2025-05-08,286,28,563,94,17,8,14,8,769,Hot,No,Weekday,Summer,38.44,Low
2025-05-09,286,32,563,83,14,9,11,9,797,Hot,No,Weekday,Summer,39.83,Low
2025-05-10,251,34,563,93,16,7,15,6,621,Hot,No,Weekend,Summer,36.63,Low
2025-05-11,291,37,563,106,18,9,17,7,676,Hot,No,Weekend,Summer,42.4,Medium
2025-05-12,285,35,563,103,20,9,17,7,693,Normal,No,Weekday,Summer,36.7,Low
2025-05-13,262,25,563,80,16,8,14,7,612,Hot,No,Weekday,Summer,31.39,Low
2025-05-14,246,25,563,80,16,7,16,6,583,Normal,No,Weekday,Summer,32.1,Low
2025-05-15,315,27,563,87,15,10,15,9,719,Hot,No,Weekday,Summer,39.19,Low
2025-05-16,280,28,563,96,19,8,17,7,659,Hot,No,Weekday,Summer,37.65,Low
2025-05-17,279,37,563,81,14,8,11,7,705,Hot,No,Weekend,Summer,37.83,Low
2025-05-18,284,46,563,97,18,9,17,7,829,Cloudy,No,Weekend,Summer,44.36,Medium
2025-05-19,269,24,563,84,14,8,12,7,698,Normal,No,Weekday,Summer,36.8,Low
2025-05-20,244,27,563,80,16,7,15,7,699,Normal,No,Weekday,Summer,30.63,Low
2025-05-21,280,32,563,96,17,9,14,8,709,Normal,No,Weekday,Summer,38.34,Low
2025-05-22,266,28,563,94,19,7,18,6,698,Hot,No,Weekday,Summer,33.6,Low
2025-05-23,303,28,563,102,19,9,18,7,704,Hot,No,Weekday,Summer,36.7,Low
2025-05-24,353,45,563,100,17,9,18,8,1045,Hot,No,Weekend,Summer,44.01,Medium
2025-05-25,340,37,563,103,20,11,19,11,952,Hot,No,Weekend,Summer,42.48,Medium
2025-05-26,265,28,563,92,18,7,17,5,742,Hot,No,Weekday,Summer,36.2,Low
2025-05-27,307,40,563,98,17,9,16,9,819,Hot,No,Weekday,Summer,39.84,Low
2025-05-28,315,30,563,97,17,8,17,6,905,Hot,No,Weekday,Summer,42.45,Medium
2025-05-29,246,28,563,88,16,7,14,6,617,Hot,No,Weekday,Summer,33.79,Low
2025-05-30,287,24,563,95,19,9,18,8,762,Hot,No,Weekday,Summer,33.55,Low
2025-05-31,249,38,563,93,17,8,14,7,645,Hot,No,Weekend,Summer,35.02,Low
2025-06-01,453,81,563,212,40,14,33,14,1544,Rainy,No,Weekend,Monsoon,74.98,High
2025-06-02,433,49,563,144,27,12,24,11,1327,Rainy,No,Weekday,Monsoon,56.28,Medium
2025-06-03,511,72,563,189,35,13,29,11,1684,Rainy,No,Weekday,Monsoon,76.2,High
2025-06-04,432,50,563,140,28,11,26,9,1270,Rainy,No,Weekday,Monsoon,57.38,Medium
2025-06-05,471,74,563,192,32,14,27,12,1441,Rainy,No,Weekday,Monsoon,74.85,High
2025-06-06,437,48,563,152,30,13,23,11,1545,Cloudy,No,Weekday,Monsoon,64.92,Medium
2025-06-07,416,46,563,145,27,12,23,11,1137,Cloudy,No,Weekend,Monsoon,55.88,Medium
2025-06-08,386,74,563,177,32,11,29,11,1526,Rainy,No,Weekend,Monsoon,62.48,Medium
2025-06-09,367,57,563,151,27,10,26,10,1160,Rainy,No,Weekday,Monsoon,54.98,Medium
2025-06-10,362,47,563,131,22,11,23,11,1156,Rainy,No,Weekday,Monsoon,49.9,Medium
2025-06-11,355,28,563,103,17,11,15,11,902,Cloudy,No,Weekday,Monsoon,43.33,Medium
2025-06-12,415,44,563,144,29,13,23,13,1332,Cloudy,No,Weekday,Monsoon,59.9,Medium
2025-06-13,506,83,563,228,44,16,47,13,1576,Rainy,No,Weekday,Monsoon,77.57,High
2025-06-14,437,52,563,155,26,13,20,13,1221,Cloudy,No,Weekend,Monsoon,60.63,Medium
2025-06-15,520,78,563,193,39,16,34,15,1541,Rainy,No,Weekend,Monsoon,81.11,High
2025-06-16,482,61,563,201,38,12,36,12,1523,Rainy,No,Weekday,Monsoon,67.71,Medium
2025-06-17,320,34,563,109,20,10,20,10,999,Cloudy,No,Weekday,Monsoon,42.0,Medium
2025-06-18,409,36,563,166,35,11,34,11,1195,Normal,No,Weekday,Monsoon,51.64,Medium
2025-06-19,338,36,563,112,24,9,25,8,983,Rainy,No,Weekday,Monsoon,39.6,Low
2025-06-20,432,35,563,157,32,11,31,11,1168,Normal,No,Weekday,Monsoon,50.49,Medium
2025-06-21,400,56,563,162,34,13,31,12,1235,Rainy,No,Weekend,Monsoon,58.89,Medium
2025-06-22,453,56,563,177,29,13,25,11,1359,Normal,No,Weekend,Monsoon,66.03,Medium
2025-06-23,402,58,563,158,28,12,25,11,1244,Rainy,No,Weekday,Monsoon,61.75,Medium
2025-06-24,329,28,563,112,22,10,21,9,846,Cloudy,No,Weekday,Monsoon,40.67,Medium
2025-06-25,447,45,563,170,30,13,23,13,1291,Normal,No,Weekday,Monsoon,63.4,Medium
2025-06-26,482,66,563,184,38,13,35,10,1479,Rainy,No,Weekday,Monsoon,78.18,High
2025-06-27,431,69,563,164,34,13,26,11,1434,Rainy,No,Weekday,Monsoon,71.64,High
2025-06-28,442,74,563,162,29,12,25,9,1683,Rainy,No,Weekend,Monsoon,72.47,High
2025-06-29,422,54,563,170,35,13,30,10,1398,Cloudy,No,Weekend,Monsoon,66.37,Medium
2025-06-30,435,71,563,183,33,12,27,10,1502,Rainy,No,Weekday,Monsoon,71.38,High
2025-07-01,384,47,563,156,26,12,27,11,1259,Cloudy,No,Weekday,Monsoon,58.42,Medium
2025-07-02,436,67,563,185,36,13,29,12,1522,Rainy,No,Weekday,Monsoon,71.13,High
2025-07-03,502,62,563,175,30,14,27,11,1529,Rainy,No,Weekday,Monsoon,71.83,High
2025-07-04,360,43,563,126,24,11,19,10,1175,Rainy,No,Weekday,Monsoon,55.92,Medium
2025-07-05,520,79,563,195,38,14,33,12,1500,Rainy,No,Weekend,Monsoon,77.92,High
2025-07-06,433,72,563,180,36,13,35,11,1361,Rainy,No,Weekend,Monsoon,67.22,Medium
2025-07-07,399,62,563,160,30,13,27,13,1146,Rainy,No,Weekday,Monsoon,59.69,Medium
2025-07-08,439,73,563,155,30,13,29,12,1284,Rainy,No,Weekday,Monsoon,61.17,Medium
2025-07-09,407,58,563,147,27,12,23,11,1242,Rainy,No,Weekday,Monsoon,57.72,Medium
2025-07-10,418,70,563,186,31,12,30,9,1406,Rainy,No,Weekday,Monsoon,65.69,Medium
2025-07-11,517,81,563,198,41,15,37,12,1834,Rainy,No,Weekday,Monsoon,86.37,High
2025-07-12,442,54,563,148,26,14,25,13,1301,Cloudy,No,Weekend,Monsoon,59.54,Medium
2025-07-13,465,67,563,172,29,13,24,13,1470,Normal,No,Weekend,Monsoon,67.12,Medium
2025-07-14,384,46,563,123,24,12,22,11,974,Rainy,No,Weekday,Monsoon,52.44,Medium
2025-07-15,428,48,563,134,27,11,21,9,1354,Rainy,No,Weekday,Monsoon,62.47,Medium
2025-07-16,429,52,563,165,29,12,23,10,1224,Rainy,No,Weekday,Monsoon,65.02,Medium
2025-07-17,386,62,563,169,30,11,28,10,1365,Rainy,No,Weekday,Monsoon,56.82,Medium
2025-07-18,416,68,563,153,28,12,29,10,1297,Rainy,No,Weekday,Monsoon,65.51,Medium
2025-07-19,491,83,563,183,37,14,36,12,1547,Rainy,No,Weekend,Monsoon,74.1,High
2025-07-20,476,89,563,223,40,12,41,11,1378,Rainy,No,Weekend,Monsoon,75.66,High
2025-07-21,364,48,563,127,27,9,22,8,1138,Rainy,No,Weekday,Monsoon,56.96,Medium
2025-07-22,429,67,563,179,31,12,33,12,1312,Rainy,No,Weekday,Monsoon,62.12,Medium
2025-07-23,366,54,563,145,27,11,27,10,1302,Rainy,No,Weekday,Monsoon,54.33,Medium
2025-07-24,435,44,563,141,28,12,23,9,1330,Normal,No,Weekday,Monsoon,65.65,Medium
2025-07-25,344,51,563,127,22,11,20,9,1239,Rainy,No,Weekday,Monsoon,54.4,Medium
2025-07-26,402,55,563,158,32,12,29,12,1325,Cloudy,No,Weekend,Monsoon,59.17,Medium
2025-07-27,482,70,563,190,40,14,41,14,1637,Rainy,No,Weekend,Monsoon,69.57,Medium
2025-07-28,400,34,563,119,23,11,22,10,1115,Normal,No,Weekday,Monsoon,51.9,Medium
2025-07-29,350,39,563,138,24,11,19,10,1056,Cloudy,No,Weekday,Monsoon,50.97,Medium
2025-07-30,382,55,563,145,27,11,21,11,1336,Rainy,No,Weekday,Monsoon,56.34,Medium
2025-07-31,486,79,563,195,33,12,30,10,1607,Rainy,No,Weekday,Monsoon,76.74,High
2025-08-01,451,54,563,150,26,13,26,10,1225,Cloudy,No,Weekday,Monsoon,59.93,Medium
2025-08-02,458,77,563,167,31,13,27,13,1680,Rainy,No,Weekend,Monsoon,71.14,High
2025-08-03,503,68,563,197,41,15,34,14,1635,Rainy,No,Weekend,Monsoon,76.23,High
2025-08-04,380,54,563,147,26,11,24,10,1313,Rainy,No,Weekday,Monsoon,55.36,Medium
2025-08-05,426,48,563,143,30,14,23,11,1154,Rainy,No,Weekday,Monsoon,61.2,Medium
2025-08-06,427,51,563,155,28,12,23,11,1473,Cloudy,No,Weekday,Monsoon,62.25,Medium
2025-08-07,404,62,563,162,33,11,30,11,1332,Rainy,No,Weekday,Monsoon,59.69,Medium
2025-08-08,380,43,563,160,27,11,27,10,1135,Rainy,No,Weekday,Monsoon,50.13,Medium
2025-08-09,520,73,563,206,35,15,31,14,1775,Rainy,No,Weekend,Monsoon,76.62,High
2025-08-10,359,43,563,122,25,11,24,11,1150,Cloudy,No,Weekend,Monsoon,45.86,Medium
2025-08-11,359,52,563,143,28,9,23,7,1146,Rainy,No,Weekday,Monsoon,54.91,Medium
2025-08-12,433,64,563,181,37,12,37,11,1240,Rainy,No,Weekday,Monsoon,61.64,Medium
2025-08-13,454,43,563,170,35,15,28,12,1507,Cloudy,No,Weekday,Monsoon,69.16,Medium
2025-08-14,406,48,563,132,27,10,25,10,1384,Cloudy,No,Weekday,Monsoon,58.8,Medium
2025-08-15,375,60,563,156,26,12,25,10,1206,Normal,Yes,Weekday,Monsoon,57.95,Medium
2025-08-16,428,65,563,164,30,12,29,9,1374,Normal,No,Weekend,Monsoon,69.62,Medium
2025-08-17,444,76,563,178,34,11,26,9,1474,Rainy,No,Weekend,Monsoon,73.09,High
2025-08-18,470,64,563,180,32,15,31,13,1390,Rainy,No,Weekday,Monsoon,65.96,Medium
2025-08-19,445,71,563,188,38,11,40,9,1450,Rainy,No,Weekday,Monsoon,68.76,Medium
2025-08-20,415,59,563,139,28,10,28,8,1349,Rainy,No,Weekday,Monsoon,61.39,Medium
2025-08-21,338,39,563,101,19,10,15,9,1025,Cloudy,No,Weekday,Monsoon,48.27,Medium
2025-08-22,520,88,563,227,37,16,36,16,1871,Rainy,No,Weekday,Monsoon,78.49,High
2025-08-23,390,54,563,134,23,12,21,12,1402,Rainy,No,Weekend,Monsoon,58.15,Medium
2025-08-24,520,74,563,207,35,14,33,14,1649,Rainy,No,Weekend,Monsoon,72.76,High
2025-08-25,445,60,563,181,32,12,33,12,1286,Rainy,No,Weekday,Monsoon,56.87,Medium
2025-08-26,382,60,563,148,28,10,24,9,1173,Rainy,No,Weekday,Monsoon,56.94,Medium
2025-08-27,390,46,563,124,25,12,21,12,1159,Normal,No,Weekday,Monsoon,55.22,Medium
2025-08-28,418,45,563,140,25,11,25,10,1467,Rainy,No,Weekday,Monsoon,58.2,Medium
2025-08-29,350,54,563,129,25,9,20,8,1109,Rainy,No,Weekday,Monsoon,53.32,Medium
2025-08-30,409,43,563,160,28,12,28,12,1050,Cloudy,No,Weekend,Monsoon,53.38,Medium
2025-08-31,457,77,563,209,39,14,41,13,1569,Rainy,No,Weekend,Monsoon,69.28,Medium
2025-09-01,395,47,563,121,22,11,21,9,1303,Normal,No,Weekday,Monsoon,58.64,Medium
2025-09-02,489,64,563,203,36,14,30,12,1533,Rainy,No,Weekday,Monsoon,75.09,High
2025-09-03,429,62,563,170,34,12,29,11,1324,Rainy,No,Weekday,Monsoon,61.71,Medium
2025-09-04,425,49,563,169,30,12,31,11,1490,Rainy,No,Weekday,Monsoon,59.25,Medium
2025-09-05,423,67,563,188,35,12,30,11,1371,Rainy,Yes,Weekday,Monsoon,65.7,Medium
2025-09-06,389,55,563,136,26,12,23,11,1207,Normal,No,Weekend,Monsoon,60.74,Medium
2025-09-07,499,74,563,187,36,13,31,12,1732,Rainy,No,Weekend,Monsoon,78.74,High
2025-09-08,372,45,563,153,31,10,28,9,1219,Cloudy,No,Weekday,Monsoon,52.19,Medium
2025-09-09,391,47,563,132,23,11,20,9,1397,Cloudy,No,Weekday,Monsoon,57.54,Medium
2025-09-10,492,66,563,198,33,14,27,11,1341,Rainy,No,Weekday,Monsoon,71.3,High
2025-09-11,350,36,563,107,20,9,18,9,1066,Cloudy,No,Weekday,Monsoon,45.58,Medium
2025-09-12,415,64,563,191,33,12,34,10,1458,Rainy,No,Weekday,Monsoon,62.13,Medium
2025-09-13,449,86,563,204,41,13,34,12,1374,Rainy,No,Weekend,Monsoon,73.67,High
2025-09-14,436,66,563,158,28,12,28,11,1461,Rainy,No,Weekend,Monsoon,62.65,Medium
2025-09-15,400,46,563,137,24,12,21,12,1129,Rainy,No,Weekday,Monsoon,54.02,Medium
2025-09-16,344,41,563,143,29,10,27,9,1007,Cloudy,No,Weekday,Monsoon,46.56,Medium
2025-09-17,444,60,563,150,25,13,22,11,1481,Rainy,No,Weekday,Monsoon,62.19,Medium
2025-09-18,466,79,563,199,40,13,41,12,1295,Rainy,No,Weekday,Monsoon,72.11,High
2025-09-19,416,39,563,133,25,13,20,12,1137,Normal,No,Weekday,Monsoon,56.85,Medium
2025-09-20,364,48,563,146,27,11,24,9,1070,Cloudy,No,Weekend,Monsoon,54.43,Medium
2025-09-21,394,69,563,153,30,11,28,11,1209,Rainy,No,Weekend,Monsoon,57.31,Medium
2025-09-22,428,53,563,165,35,12,27,11,1158,Rainy,No,Weekday,Monsoon,64.36,Medium
2025-09-23,361,56,563,142,25,10,22,10,1163,Rainy,No,Weekday,Monsoon,51.75,Medium
2025-09-24,460,54,563,143,30,13,23,11,1474,Rainy,No,Weekday,Monsoon,64.47,Medium
2025-09-25,317,35,563,118,24,9,23,9,923,Cloudy,No,Weekday,Monsoon,39.22,Low
2025-09-26,453,64,563,207,35,12,28,12,1548,Rainy,No,Weekday,Monsoon,70.18,High
2025-09-27,461,89,563,196,39,13,36,11,1595,Rainy,No,Weekend,Monsoon,79.78,High
2025-09-28,385,61,563,169,30,12,27,12,1130,Cloudy,No,Weekend,Monsoon,55.6,Medium
2025-09-29,336,33,563,114,19,9,16,8,870,Normal,No,Weekday,Monsoon,44.42,Medium
2025-09-30,446,52,563,177,36,13,28,11,1237,Rainy,No,Weekday,Monsoon,67.5,Medium
2025-10-01,324,29,563,113,23,10,19,10,831,Cloudy,No,Weekday,Post-Monsoon,42.75,Medium
2025-10-02,260,29,563,80,15,7,13,5,690,Normal,Yes,Weekday,Post-Monsoon,39.44,Low
2025-10-03,369,47,563,130,22,11,18,11,985,Rainy,No,Weekday,Post-Monsoon,51.21,Medium
2025-10-04,281,35,563,98,17,8,14,7,839,Cloudy,No,Weekend,Post-Monsoon,41.55,Medium
2025-10-05,282,39,563,103,19,8,15,7,828,Normal,No,Weekend,Post-Monsoon,42.88,Medium
2025-10-06,309,36,563,88,19,10,15,8,752,Normal,No,Weekday,Post-Monsoon,49.9,Medium
2025-10-07,382,63,563,148,28,12,25,11,1186,Rainy,No,Weekday,Post-Monsoon,54.64,Medium
2025-10-08,309,37,563,88,16,8,16,7,860,Normal,No,Weekday,Post-Monsoon,39.63,Low
2025-10-09,364,57,563,136,23,12,23,11,1145,Rainy,No,Weekday,Post-Monsoon,55.71,Medium
2025-10-10,270,36,563,84,17,8,14,7,692,Normal,No,Weekday,Post-Monsoon,35.36,Low
2025-10-11,268,38,563,80,15,9,12,7,768,Normal,No,Weekend,Post-Monsoon,43.91,Medium
2025-10-12,409,67,563,166,29,11,29,11,1200,Rainy,No,Weekend,Post-Monsoon,58.89,Medium
2025-10-13,296,34,563,93,17,10,15,8,843,Normal,No,Weekday,Post-Monsoon,43.2,Medium
2025-10-14,308,49,563,90,19,9,20,9,837,Rainy,No,Weekday,Post-Monsoon,39.28,Low
2025-10-15,283,37,563,80,16,8,12,8,758,Normal,No,Weekday,Post-Monsoon,37.54,Low
2025-10-16,245,28,563,80,16,6,16,5,578,Cloudy,No,Weekday,Post-Monsoon,30.36,Low
2025-10-17,268,35,563,80,16,9,15,9,743,Rainy,No,Weekday,Post-Monsoon,35.54,Low
2025-10-18,333,40,563,108,21,10,17,10,805,Cloudy,No,Weekend,Post-Monsoon,46.73,Medium
2025-10-19,293,39,563,103,19,8,19,6,732,Normal,No,Weekend,Post-Monsoon,38.29,Low
2025-10-20,281,42,563,83,14,8,11,5,742,Normal,Yes,Weekday,Post-Monsoon,45.08,Medium
2025-10-21,310,41,563,103,18,9,16,8,910,Normal,No,Weekday,Post-Monsoon,40.52,Medium
2025-10-22,331,32,563,90,19,10,19,8,746,Cloudy,No,Weekday,Post-Monsoon,36.96,Low
2025-10-23,293,30,563,106,21,9,22,7,720,Normal,No,Weekday,Post-Monsoon,36.61,Low
2025-10-24,263,24,563,80,15,8,15,7,585,Normal,No,Weekday,Post-Monsoon,31.56,Low
2025-10-25,397,67,563,164,34,12,32,12,1240,Rainy,No,Weekend,Post-Monsoon,61.93,Medium
2025-10-26,355,51,563,112,24,10,20,8,886,Rainy,No,Weekend,Post-Monsoon,53.49,Medium
2025-10-27,280,37,563,98,17,9,14,8,693,Normal,No,Weekday,Post-Monsoon,41.21,Medium
2025-10-28,299,33,563,100,18,9,16,8,683,Cloudy,No,Weekday,Post-Monsoon,38.11,Low
2025-10-29,280,26,563,94,17,7,18,5,789,Normal,No,Weekday,Post-Monsoon,36.1,Low
2025-10-30,295,25,563,92,16,10,16,8,712,Cloudy,No,Weekday,Post-Monsoon,36.23,Low
2025-10-31,293,38,563,82,14,8,11,6,835,Cloudy,No,Weekday,Post-Monsoon,42.34,Medium
2025-11-01,297,43,563,104,18,9,17,7,739,Rainy,No,Weekend,Post-Monsoon,43.55,Medium
2025-11-02,326,37,563,118,20,9,18,9,877,Normal,No,Weekend,Post-Monsoon,42.64,Medium
2025-11-03,250,28,563,90,18,7,15,6,615,Cloudy,No,Weekday,Post-Monsoon,35.88,Low
2025-11-04,282,24,563,81,15,9,12,9,645,Cloudy,No,Weekday,Post-Monsoon,31.65,Low
2025-11-05,255,25,563,80,16,7,17,6,644,Normal,No,Weekday,Post-Monsoon,30.67,Low
2025-11-06,308,32,563,88,18,9,15,9,725,Normal,No,Weekday,Post-Monsoon,38.98,Low
2025-11-07,296,33,563,107,21,8,21,8,791,Cloudy,No,Weekday,Post-Monsoon,38.76,Low
2025-11-08,320,60,563,102,19,8,17,7,889,Rainy,No,Weekend,Post-Monsoon,47.82,Medium
2025-11-09,299,35,563,87,17,8,17,7,931,Normal,No,Weekend,Post-Monsoon,36.64,Low
2025-11-10,317,33,563,98,21,9,21,7,886,Cloudy,No,Weekday,Post-Monsoon,43.04,Medium
2025-11-11,278,34,563,100,19,9,16,9,759,Cloudy,No,Weekday,Post-Monsoon,34.59,Low
2025-11-12,265,25,563,80,16,7,16,6,594,Cloudy,No,Weekday,Post-Monsoon,28.55,Low
2025-11-13,336,27,563,101,21,9,19,9,932,Cloudy,No,Weekday,Post-Monsoon,41.89,Medium
2025-11-14,284,36,563,100,21,9,22,8,810,Cloudy,No,Weekday,Post-Monsoon,36.32,Low
2025-11-15,351,46,563,128,25,11,21,10,1077,Normal,No,Weekend,Post-Monsoon,51.31,Medium
2025-11-16,348,54,563,121,21,9,17,8,1018,Normal,No,Weekend,Post-Monsoon,48.48,Medium
2025-11-17,350,50,563,127,25,9,25,9,1050,Rainy,No,Weekday,Post-Monsoon,49.22,Medium
2025-11-18,280,35,563,86,18,7,19,7,846,Normal,No,Weekday,Post-Monsoon,32.14,Low
2025-11-19,267,37,563,82,15,8,14,8,769,Normal,No,Weekday,Post-Monsoon,37.06,Low
2025-11-20,335,52,563,112,21,9,20,9,867,Rainy,No,Weekday,Post-Monsoon,47.58,Medium
2025-11-21,249,30,563,80,15,7,11,6,727,Cloudy,No,Weekday,Post-Monsoon,36.41,Low
2025-11-22,353,53,563,126,22,10,23,8,891,Cloudy,No,Weekend,Post-Monsoon,51.54,Medium
2025-11-23,275,33,563,93,17,8,16,7,833,Normal,No,Weekend,Post-Monsoon,37.94,Low
2025-11-24,300,30,563,94,19,9,18,9,816,Cloudy,No,Weekday,Post-Monsoon,40.45,Medium
2025-11-25,310,31,563,87,18,9,16,8,789,Normal,No,Weekday,Post-Monsoon,41.6,Medium
2025-11-26,273,30,563,88,17,7,17,7,760,Cloudy,No,Weekday,Post-Monsoon,33.15,Low
2025-11-27,376,42,563,133,24,10,24,8,1090,Rainy,No,Weekday,Post-Monsoon,49.67,Medium
2025-11-28,329,29,563,91,19,9,16,7,744,Normal,No,Weekday,Post-Monsoon,42.85,Medium
2025-11-29,356,40,563,103,19,11,15,10,1096,Normal,No,Weekend,Post-Monsoon,49.19,Medium
2025-11-30,333,52,563,106,18,9,14,8,860,Normal,No,Weekend,Post-Monsoon,51.93,Medium
2025-12-01,203,24,563,80,14,6,14,6,547,Normal,No,Weekday,Winter,25.73,Low
2025-12-02,212,23,563,80,15,7,14,6,575,Normal,No,Weekday,Winter,28.95,Low
2025-12-03,196,26,563,80,14,6,11,4,566,Normal,No,Weekday,Winter,30.02,Low
2025-12-04,299,32,563,84,15,9,14,7,860,Rainy,No,Weekday,Winter,42.86,Medium
2025-12-05,204,18,563,80,17,6,16,5,452,Cloudy,No,Weekday,Winter,27.25,Low
2025-12-06,231,30,563,80,16,6,14,5,566,Cloudy,No,Weekend,Winter,31.09,Low
2025-12-07,206,30,563,80,14,6,14,6,512,Normal,No,Weekend,Winter,29.4,Low
2025-12-08,236,19,563,80,15,8,12,8,670,Normal,No,Weekday,Winter,27.81,Low
2025-12-09,267,37,563,84,15,8,15,8,771,Normal,No,Weekday,Winter,38.34,Low
2025-12-10,219,37,563,80,16,6,16,5,743,Rainy,No,Weekday,Winter,33.26,Low
2025-12-11,270,33,563,80,15,8,14,8,753,Cloudy,No,Weekday,Winter,34.56,Low
2025-12-12,230,29,563,80,16,7,13,5,608,Normal,No,Weekday,Winter,35.22,Low
2025-12-13,290,41,563,96,20,9,17,8,684,Normal,No,Weekend,Winter,41.69,Medium
2025-12-14,299,37,563,88,17,8,15,8,939,Normal,No,Weekend,Winter,43.35,Medium
2025-12-15,204,20,563,80,14,5,13,4,562,Normal,No,Weekday,Winter,25.82,Low
2025-12-16,286,32,563,85,14,8,11,7,716,Cloudy,No,Weekday,Winter,39.45,Low
2025-12-17,243,30,563,85,17,7,16,7,695,Normal,No,Weekday,Winter,32.4,Low
2025-12-18,279,33,563,83,16,8,15,7,698,Normal,No,Weekday,Winter,35.55,Low
2025-12-19,214,19,563,80,14,6,14,5,534,Normal,No,Weekday,Winter,27.72,Low
2025-12-20,239,31,563,81,15,7,15,6,750,Normal,No,Weekend,Winter,32.06,Low
2025-12-21,346,63,563,131,25,9,24,8,1067,Rainy,No,Weekend,Winter,57.42,Medium
2025-12-22,272,35,563,89,18,9,16,9,664,Cloudy,No,Weekday,Winter,38.49,Low
2025-12-23,257,33,563,83,15,7,13,6,721,Cloudy,No,Weekday,Winter,35.73,Low
2025-12-24,193,21,563,80,17,5,15,5,455,Normal,No,Weekday,Winter,27.42,Low
2025-12-25,257,34,563,82,16,7,15,5,649,Normal,Yes,Weekday,Winter,37.32,Low
2025-12-26,314,51,563,110,19,10,17,10,928,Rainy,No,Weekday,Winter,45.79,Medium
2025-12-27,226,31,563,81,16,6,15,5,649,Normal,No,Weekend,Winter,35.09,Low
2025-12-28,315,44,563,102,20,9,20,8,918,Normal,No,Weekend,Winter,42.51,Medium
2025-12-29,207,25,563,80,15,6,14,6,512,Normal,No,Weekday,Winter,30.03,Low
2025-12-30,281,23,563,91,18,8,18,6,783,Cloudy,No,Weekday,Winter,34.16,Low
2025-12-31,232,30,563,85,18,7,16,5,710,Normal,No,Weekday,Winter,32.58,Low
